antecedents,consequents,antecedent support,consequent support,support,confidence,lift,leverage,conviction
frozenset({'political'}),frozenset({'journalism'}),0.06382978723404255,0.06382978723404255,0.06382978723404255,1.0,15.666666666666668,0.059755545495699405,inf
frozenset({'journalism'}),frozenset({'political'}),0.06382978723404255,0.06382978723404255,0.06382978723404255,1.0,15.666666666666668,0.059755545495699405,inf
frozenset({'lecturer'}),frozenset({'study'}),0.10638297872340426,0.46808510638297873,0.0851063829787234,0.7999999999999999,1.709090909090909,0.035310095065640555,2.6595744680851054
frozenset({'teaching'}),frozenset({'study'}),0.19148936170212766,0.46808510638297873,0.14893617021276595,0.7777777777777778,1.6616161616161615,0.059302851969216835,2.393617021276596
"frozenset({'teaching', 'lecture'})",frozenset({'study'}),0.0851063829787234,0.46808510638297873,0.06382978723404255,0.75,1.6022727272727273,0.023992756903576273,2.127659574468085
