antecedents,consequents,antecedent support,consequent support,support,confidence,lift,leverage,conviction
frozenset({'marketing'}),frozenset({'consumer'}),0.06956521739130435,0.05217391304347826,0.05217391304347826,0.75,14.375,0.048544423440453684,3.791304347826087
frozenset({'consumer'}),frozenset({'marketing'}),0.05217391304347826,0.06956521739130435,0.05217391304347826,1.0,14.375,0.048544423440453684,inf
frozenset({'financial'}),frozenset({'finance'}),0.08695652173913043,0.1565217391304348,0.06086956521739131,0.7000000000000001,4.472222222222222,0.04725897920604915,2.811594202898551
frozenset({'manage'}),frozenset({'managing'}),0.06956521739130435,0.08695652173913043,0.05217391304347826,0.75,8.625,0.04612476370510397,3.6521739130434785
frozenset({'managerial'}),frozenset({'management'}),0.06956521739130435,0.33043478260869563,0.05217391304347826,0.75,2.2697368421052633,0.029187145557655954,2.6782608695652175
frozenset({'managing'}),frozenset({'management'}),0.08695652173913043,0.33043478260869563,0.06086956521739131,0.7000000000000001,2.118421052631579,0.03213610586011342,2.231884057971015
frozenset({'organisation'}),frozenset({'management'}),0.08695652173913043,0.33043478260869563,0.06086956521739131,0.7000000000000001,2.118421052631579,0.03213610586011342,2.231884057971015
