antecedents,consequents,antecedent support,consequent support,support,confidence,lift,leverage,conviction
frozenset({'economics'}),frozenset({'economic'}),0.05084745762711865,0.0847457627118644,0.05084745762711865,1.0,11.8,0.04653835104854927,inf
frozenset({'methodology'}),frozenset({'methodological'}),0.05084745762711865,0.05084745762711865,0.05084745762711865,1.0,19.666666666666664,0.04826199367997702,inf
frozenset({'methodological'}),frozenset({'methodology'}),0.05084745762711865,0.05084745762711865,0.05084745762711865,1.0,19.666666666666664,0.04826199367997702,inf
frozenset({'psychological'}),frozenset({'psychology'}),0.05084745762711865,0.13559322033898305,0.05084745762711865,1.0,7.375,0.04395288710140764,inf
"frozenset({'lecture', 'student'})",frozenset({'study'}),0.05084745762711865,0.2033898305084746,0.05084745762711865,1.0,4.916666666666666,0.04050560183855214,inf
